name,email
Jan Kowalski,jan@example.com
Anna Nowak,anna@example.com
Piotr Wiśniewski,piotr.w@example.com
Maria Wójcik,maria.wojcik@example.com
Krzysztof Kowalczyk,k.kowalczyk@example.com
Agnieszka Kamińska,aga.kaminska@example.com
Tomasz Lewandowski,tomek.l@example.com
Barbara Zielińska,basia.z@example.com
Michał Szymański,michal.szymanski@example.com
Krystyna Woźniak,krystyna.w@example.com
Andrzej Dąbrowski,andrzej.d@example.com
Ewa Kozłowska,ewa.kozlowska@example.com
Józef Jankowski,jozef.jankowski@example.com
Zofia Mazur,zofia.mazur@example.com
Stanisław Wojciechowski,stanislaw.w@example.com
Teresa Krawczyk,teresa.krawczyk@example.com
Marcin Kaczmarek,marcin.kaczmarek@example.com
Danuta Piotrowska,danuta.p@example.com
Marek Grabowski,marek.grabowski@example.com
Halina Zając,halina.zajac@example.com
Łukasz Pawłowski,lukasz.pawlowski@example.com
Irena Michalska,irena.m@example.com
Mateusz Król,mateusz.krol@example.com
Jadwiga Wieczorek,jadwiga.w@example.com
Kamil Jabłoński,kamil.jablonski@example.com
Karolina Wróbel,karolina.wrobel@example.com
Adam Nowakowski,adam.nowakowski@example.com
Natalia Majewska,natalia.majewska@example.com
Dawid Olszewski,dawid.olszewski@example.com
Julia Stępień,julia.stepien@example.com
Maciej Duda,maciej.duda@example.com
Marta Górska,marta.gorska@example.com
Patryk Rutkowski,patryk.r@example.com
Alicja Michalak,alicja.michalak@example.com
Szymon Sikora,szymon.sikora@example.com
Paulina Ostrowska,paulina.o@example.com
Kacper Baran,kacper.baran@example.com
Magdalena Tomaszewska,magdalena.t@example.com
Jakub Zalewski,jakub.zalewski@example.com
Wiktoria Włodarczyk,wiktoria.wlodarczyk@example.com
